id,y
0,2
1,0
2,0
3,0
4,0
5,2
6,0
7,2
8,0
9,0
10,0
11,0
12,0
13,3
14,2
15,0
16,1
17,2
18,0
19,0
20,2
21,0
22,0
23,2
24,0
25,2
26,0
27,0
28,2
29,2
30,0
31,2
32,0
33,2
34,0
35,0
36,0
37,2
38,2
39,2
40,0
41,0
42,2
43,2
44,2
45,0
46,0
47,0
48,2
49,2
50,0
51,0
52,0
53,3
54,0
55,0
56,0
57,0
58,2
59,0
60,0
61,0
62,0
63,0
64,0
65,0
66,0
67,0
68,0
69,0
70,0
71,0
72,0
73,0
74,2
75,0
76,0
77,0
78,0
79,0
80,0
81,2
82,0
83,0
84,0
85,2
86,2
87,0
88,0
89,0
90,0
91,0
92,2
93,2
94,0
95,0
96,2
97,1
98,0
99,0
100,2
101,0
102,0
103,0
104,0
105,0
106,2
107,0
108,0
109,0
110,0
111,0
112,2
113,0
114,0
115,2
116,2
117,2
118,0
119,2
120,0
121,0
122,0
123,0
124,0
125,0
126,0
127,0
128,2
129,0
130,2
131,2
132,0
133,0
134,0
135,0
136,0
137,0
138,0
139,2
140,1
141,0
142,0
143,2
144,0
145,2
146,0
147,0
148,2
149,2
150,2
151,1
152,2
153,2
154,2
155,0
156,3
157,2
158,2
159,0
160,2
161,2
162,0
163,0
164,0
165,0
166,0
167,0
168,0
169,2
170,0
171,2
172,2
173,2
174,2
175,0
176,3
177,0
178,0
179,0
180,2
181,2
182,2
183,2
184,0
185,2
186,0
187,0
188,2
189,0
190,0
191,0
192,2
193,0
194,2
195,2
196,0
197,0
198,2
199,2
200,2
201,0
202,0
203,2
204,2
205,0
206,0
207,0
208,0
209,2
210,0
211,0
212,0
213,2
214,0
215,2
216,0
217,0
218,0
219,0
220,2
221,0
222,0
223,0
224,0
225,0
226,0
227,0
228,0
229,0
230,2
231,0
232,0
233,0
234,0
235,0
236,0
237,0
238,2
239,0
240,0
241,0
242,0
243,0
244,0
245,2
246,0
247,2
248,2
249,0
250,0
251,0
252,2
253,0
254,0
255,2
256,0
257,0
258,0
259,0
260,2
261,0
262,2
263,2
264,0
265,3
266,0
267,0
268,0
269,0
270,2
271,0
272,0
273,2
274,0
275,0
276,2
277,0
278,2
279,2
280,0
281,2
282,0
283,0
284,0
285,0
286,0
287,2
288,0
289,0
290,0
291,0
292,2
293,0
294,2
295,0
296,0
297,0
298,1
299,0
300,0
301,0
302,0
303,0
304,2
305,0
306,0
307,0
308,2
309,0
310,2
311,0
312,0
313,0
314,0
315,0
316,0
317,0
318,0
319,0
320,2
321,0
322,2
323,2
324,0
325,0
326,0
327,2
328,2
329,0
330,1
331,0
332,0
333,2
334,0
335,0
336,2
337,0
338,0
339,0
340,0
341,0
342,0
343,3
344,0
345,0
346,0
347,0
348,2
349,2
350,2
351,0
352,0
353,0
354,0
355,0
356,0
357,0
358,0
359,0
360,0
361,0
362,0
363,2
364,0
365,0
366,2
367,0
368,0
369,0
370,0
371,0
372,0
373,2
374,0
375,0
376,0
377,0
378,3
379,0
380,0
381,0
382,0
383,2
384,0
385,0
386,0
387,0
388,2
389,0
390,0
391,0
392,2
393,0
394,2
395,2
396,2
397,0
398,0
399,0
400,2
401,0
402,0
403,0
404,0
405,0
406,0
407,0
408,0
409,0
410,0
411,0
412,0
413,2
414,2
415,0
416,0
417,0
418,0
419,0
420,0
421,0
422,0
423,0
424,1
425,0
426,0
427,0
428,0
429,2
430,2
431,2
432,0
433,0
434,0
435,0
436,0
437,2
438,2
439,0
440,3
441,0
442,0
443,0
444,2
445,0
446,0
447,2
448,0
449,0
450,2
451,0
452,0
453,0
454,2
455,2
456,2
457,0
458,0
459,2
460,0
461,0
462,0
463,2
464,0
465,2
466,2
467,2
468,0
469,2
470,0
471,3
472,2
473,0
474,0
475,0
476,3
477,2
478,0
479,0
480,2
481,0
482,0
483,2
484,2
485,0
486,2
487,2
488,1
489,0
490,0
491,0
492,2
493,0
494,2
495,0
496,1
497,2
498,2
499,0
500,0
501,0
502,0
503,0
504,0
505,0
506,0
507,0
508,0
509,0
510,2
511,0
512,0
513,0
514,2
515,1
516,0
517,0
518,2
519,0
520,1
521,0
522,0
523,0
524,2
525,0
526,0
527,0
528,2
529,0
530,2
531,0
532,2
533,0
534,0
535,2
536,0
537,0
538,0
539,0
540,2
541,0
542,0
543,0
544,0
545,2
546,0
547,0
548,0
549,2
550,0
551,0
552,2
553,0
554,2
555,0
556,0
557,2
558,0
559,2
560,2
561,0
562,0
563,0
564,0
565,1
566,0
567,2
568,0
569,2
570,0
571,0
572,0
573,0
574,0
575,2
576,0
577,0
578,0
579,0
580,2
581,0
582,0
583,2
584,0
585,0
586,2
587,0
588,0
589,0
590,0
591,0
592,0
593,0
594,0
595,1
596,3
597,0
598,0
599,1
600,0
601,0
602,0
603,0
604,0
605,0
606,0
607,0
608,0
609,2
610,0
611,0
612,0
613,0
614,0
615,2
616,2
617,0
618,1
619,0
620,3
621,0
622,0
623,0
624,0
625,0
626,0
627,0
628,0
629,2
630,0
631,0
632,0
633,2
634,0
635,0
636,2
637,0
638,0
639,0
640,3
641,0
642,2
643,0
644,0
645,0
646,0
647,0
648,0
649,2
650,0
651,0
652,2
653,0
654,2
655,0
656,0
657,2
658,0
659,0
660,0
661,0
662,0
663,0
664,2
665,0
666,0
667,2
668,0
669,0
670,0
671,0
672,0
673,1
674,0
675,2
676,0
677,0
678,0
679,0
680,0
681,0
682,0
683,0
684,1
685,0
686,0
687,0
688,2
689,0
690,0
691,0
692,0
693,0
694,0
695,0
696,0
697,0
698,0
699,0
700,2
701,0
702,0
703,0
704,0
705,0
706,2
707,0
708,0
709,2
710,0
711,0
712,0
713,0
714,0
715,0
716,0
717,0
718,0
719,0
720,0
721,2
722,0
723,0
724,0
725,0
726,0
727,2
728,2
729,0
730,2
731,0
732,2
733,2
734,2
735,0
736,0
737,1
738,0
739,0
740,2
741,0
742,0
743,0
744,0
745,0
746,0
747,0
748,0
749,0
750,0
751,2
752,0
753,0
754,2
755,0
756,0
757,0
758,0
759,2
760,0
761,0
762,0
763,0
764,0
765,2
766,0
767,0
768,0
769,1
770,0
771,0
772,2
773,0
774,0
775,0
776,0
777,2
778,0
779,0
780,0
781,0
782,0
783,0
784,2
785,0
786,2
787,2
788,0
789,0
790,0
791,0
792,0
793,0
794,0
795,0
796,0
797,0
798,2
799,2
800,0
801,0
802,0
803,0
804,0
805,0
806,0
807,2
808,0
809,0
810,0
811,2
812,0
813,0
814,0
815,0
816,0
817,2
818,2
819,0
820,0
821,2
822,2
823,0
824,0
825,0
826,2
827,2
828,2
829,0
830,2
831,0
832,0
833,0
834,0
835,0
836,0
837,0
838,2
839,0
840,0
841,0
842,2
843,0
844,0
845,2
846,2
847,0
848,0
849,0
850,0
851,0
852,2
853,2
854,0
855,0
856,0
857,0
858,1
859,0
860,0
861,2
862,2
863,0
864,0
865,0
866,1
867,1
868,0
869,2
870,0
871,0
872,0
873,2
874,0
875,0
876,0
877,0
878,0
879,0
880,0
881,0
882,0
883,0
884,0
885,0
886,0
887,0
888,2
889,2
890,0
891,0
892,2
893,0
894,2
895,0
896,0
897,0
898,2
899,0
900,0
901,0
902,0
903,2
904,0
905,2
906,0
907,0
908,2
909,0
910,0
911,0
912,2
913,0
914,0
915,2
916,0
917,0
918,0
919,0
920,0
921,0
922,2
923,2
924,2
925,3
926,0
927,0
928,2
929,0
930,0
931,2
932,0
933,0
934,0
935,0
936,0
937,0
938,2
939,0
940,2
941,2
942,0
943,0
944,0
945,0
946,0
947,0
948,0
949,0
950,0
951,0
952,0
953,0
954,0
955,0
956,0
957,0
958,0
959,1
960,0
961,2
962,0
963,0
964,2
965,0
966,0
967,2
968,0
969,0
970,0
971,0
972,0
973,2
974,0
975,3
976,0
977,0
978,0
979,0
980,0
981,0
982,0
983,0
984,3
985,0
986,2
987,1
988,0
989,0
990,0
991,0
992,0
993,0
994,0
995,0
996,2
997,0
998,0
999,3
1000,0
1001,0
1002,0
1003,0
1004,0
1005,0
1006,2
1007,2
1008,0
1009,3
1010,0
1011,2
1012,0
1013,0
1014,2
1015,0
1016,0
1017,0
1018,0
1019,0
1020,0
1021,0
1022,0
1023,0
1024,0
1025,2
1026,0
1027,2
1028,0
1029,0
1030,3
1031,0
1032,0
1033,0
1034,2
1035,2
1036,0
1037,0
1038,0
1039,2
1040,0
1041,0
1042,0
1043,0
1044,0
1045,0
1046,0
1047,0
1048,0
1049,2
1050,0
1051,0
1052,0
1053,2
1054,0
1055,0
1056,0
1057,0
1058,0
1059,2
1060,0
1061,0
1062,3
1063,0
1064,0
1065,0
1066,0
1067,2
1068,0
1069,0
1070,0
1071,2
1072,0
1073,0
1074,3
1075,0
1076,0
1077,0
1078,0
1079,0
1080,2
1081,0
1082,2
1083,0
1084,2
1085,0
1086,2
1087,2
1088,0
1089,3
1090,2
1091,2
1092,0
1093,0
1094,0
1095,0
1096,0
1097,0
1098,0
1099,0
1100,0
1101,0
1102,0
1103,0
1104,0
1105,0
1106,0
1107,2
1108,2
1109,0
1110,0
1111,0
1112,2
1113,0
1114,0
1115,0
1116,0
1117,2
1118,2
1119,0
1120,0
1121,0
1122,0
1123,0
1124,0
1125,2
1126,0
1127,2
1128,0
1129,2
1130,0
1131,2
1132,0
1133,0
1134,0
1135,0
1136,3
1137,2
1138,0
1139,0
1140,0
1141,2
1142,0
1143,0
1144,2
1145,0
1146,0
1147,0
1148,0
1149,2
1150,2
1151,2
1152,0
1153,2
1154,0
1155,0
1156,1
1157,2
1158,2
1159,0
1160,2
1161,0
1162,0
1163,0
1164,2
1165,2
1166,2
1167,0
1168,0
1169,0
1170,0
1171,2
1172,0
1173,2
1174,2
1175,0
1176,0
1177,0
1178,0
1179,0
1180,0
1181,1
1182,0
1183,0
1184,0
1185,1
1186,0
1187,0
1188,3
1189,2
1190,0
1191,0
1192,2
1193,2
1194,0
1195,0
1196,0
1197,0
1198,1
1199,0
1200,0
1201,0
1202,0
1203,0
1204,0
1205,0
1206,0
1207,0
1208,0
1209,0
1210,2
1211,0
1212,2
1213,0
1214,2
1215,0
1216,0
1217,0
1218,2
1219,0
1220,0
1221,2
1222,0
1223,2
1224,2
1225,0
1226,0
1227,1
1228,3
1229,0
1230,0
1231,2
1232,0
1233,2
1234,0
1235,1
1236,2
1237,2
1238,0
1239,0
1240,0
1241,0
1242,0
1243,2
1244,2
1245,0
1246,0
1247,2
1248,0
1249,0
1250,0
1251,0
1252,2
1253,0
1254,1
1255,0
1256,0
1257,0
1258,2
1259,0
1260,0
1261,0
1262,0
1263,0
1264,0
1265,0
1266,2
1267,0
1268,0
1269,2
1270,0
1271,2
1272,0
1273,2
1274,2
1275,2
1276,0
1277,2
1278,0
1279,0
1280,2
1281,0
1282,2
1283,2
1284,0
1285,0
1286,0
1287,0
1288,0
1289,2
1290,0
1291,0
1292,0
1293,0
1294,0
1295,0
1296,2
1297,0
1298,0
1299,2
1300,0
1301,2
1302,0
1303,0
1304,0
1305,0
1306,0
1307,2
1308,2
1309,0
1310,0
1311,0
1312,0
1313,2
1314,0
1315,0
1316,1
1317,0
1318,0
1319,2
1320,0
1321,0
1322,0
1323,2
1324,0
1325,2
1326,0
1327,2
1328,2
1329,0
1330,0
1331,2
1332,0
1333,0
1334,0
1335,3
1336,0
1337,2
1338,2
1339,2
1340,0
1341,0
1342,0
1343,0
1344,0
1345,1
1346,0
1347,0
1348,2
1349,2
1350,0
1351,0
1352,0
1353,0
1354,0
1355,0
1356,0
1357,0
1358,0
1359,0
1360,0
1361,0
1362,0
1363,0
1364,0
1365,0
1366,2
1367,0
1368,0
1369,0
1370,1
1371,0
1372,1
1373,0
1374,0
1375,0
1376,0
1377,3
1378,0
1379,0
1380,0
1381,0
1382,2
1383,0
1384,0
1385,2
1386,0
1387,0
1388,0
1389,0
1390,2
1391,2
1392,0
1393,0
1394,0
1395,0
1396,0
1397,2
1398,0
1399,0
1400,2
1401,0
1402,1
1403,2
1404,0
1405,0
1406,0
1407,0
1408,2
1409,0
1410,2
1411,0
1412,2
1413,0
1414,0
1415,0
1416,0
1417,0
1418,2
1419,0
1420,0
1421,0
1422,2
1423,0
1424,2
1425,0
1426,2
1427,2
1428,0
1429,0
1430,2
1431,0
1432,0
1433,0
1434,0
1435,0
1436,0
1437,0
1438,0
1439,2
1440,2
1441,0
1442,0
1443,2
1444,0
1445,0
1446,0
1447,2
1448,0
1449,0
1450,1
1451,3
1452,0
1453,0
1454,0
1455,0
1456,0
1457,0
1458,0
1459,0
1460,0
1461,0
1462,0
1463,0
1464,2
1465,0
1466,0
1467,0
1468,0
1469,0
1470,0
1471,0
1472,0
1473,0
1474,0
1475,0
1476,0
1477,0
1478,2
1479,2
1480,2
1481,0
1482,3
1483,0
1484,0
1485,0
1486,0
1487,0
1488,0
1489,0
1490,0
1491,2
1492,0
1493,0
1494,0
1495,2
1496,0
1497,0
1498,0
1499,2
1500,2
1501,0
1502,2
1503,2
1504,2
1505,2
1506,2
1507,0
1508,0
1509,0
1510,0
1511,0
1512,0
1513,0
1514,0
1515,0
1516,2
1517,0
1518,0
1519,2
1520,0
1521,0
1522,2
1523,2
1524,2
1525,0
1526,0
1527,0
1528,2
1529,2
1530,0
1531,2
1532,0
1533,2
1534,0
1535,0
1536,0
1537,0
1538,1
1539,2
1540,2
1541,2
1542,0
1543,0
1544,2
1545,0
1546,0
1547,0
1548,1
1549,0
1550,0
1551,2
1552,0
1553,0
1554,0
1555,0
1556,3
1557,0
1558,3
1559,0
1560,2
1561,1
1562,2
1563,2
1564,2
1565,0
1566,0
1567,2
1568,0
1569,0
1570,2
1571,0
1572,0
1573,0
1574,2
1575,2
1576,0
1577,0
1578,0
1579,0
1580,0
1581,2
1582,0
1583,0
1584,0
1585,0
1586,0
1587,0
1588,0
1589,0
1590,2
1591,0
1592,2
1593,0
1594,0
1595,0
1596,2
1597,1
1598,0
1599,2
1600,3
1601,0
1602,0
1603,0
1604,0
1605,0
1606,0
1607,0
1608,1
1609,2
1610,0
1611,0
1612,0
1613,2
1614,0
1615,0
1616,2
1617,0
1618,1
1619,2
1620,0
1621,0
1622,0
1623,0
1624,0
1625,0
1626,2
1627,2
1628,2
1629,0
1630,0
1631,0
1632,0
1633,3
1634,0
1635,0
1636,2
1637,0
1638,3
1639,0
1640,0
1641,0
1642,0
1643,2
1644,1
1645,0
1646,0
1647,0
1648,0
1649,0
1650,2
1651,0
1652,0
1653,0
1654,2
1655,2
1656,0
1657,2
1658,0
1659,0
1660,0
1661,2
1662,0
1663,0
1664,0
1665,0
1666,1
1667,0
1668,0
1669,2
1670,2
1671,0
1672,0
1673,0
1674,0
1675,0
1676,2
1677,0
1678,0
1679,0
1680,0
1681,2
1682,0
1683,0
1684,1
1685,0
1686,0
1687,2
1688,2
1689,0
1690,0
1691,0
1692,2
1693,2
1694,2
1695,2
1696,0
1697,2
1698,0
1699,2
1700,2
1701,0
1702,0
1703,0
1704,1
1705,0
1706,2
1707,0
1708,0
1709,2
1710,0
1711,0
1712,0
1713,2
1714,2
1715,0
1716,0
1717,2
1718,0
1719,0
1720,2
1721,0
1722,0
1723,2
1724,0
1725,2
1726,0
1727,0
1728,0
1729,2
1730,0
1731,2
1732,0
1733,1
1734,0
1735,0
1736,2
1737,1
1738,0
1739,1
1740,2
1741,0
1742,2
1743,0
1744,0
1745,0
1746,2
1747,2
1748,0
1749,0
1750,0
1751,2
1752,0
1753,0
1754,0
1755,2
1756,2
1757,0
1758,1
1759,0
1760,0
1761,0
1762,0
1763,2
1764,0
1765,0
1766,0
1767,0
1768,0
1769,0
1770,1
1771,0
1772,0
1773,0
1774,0
1775,0
1776,0
1777,2
1778,0
1779,0
1780,0
1781,0
1782,0
1783,2
1784,2
1785,0
1786,1
1787,2
1788,2
1789,0
1790,0
1791,2
1792,0
1793,0
1794,0
1795,0
1796,0
1797,0
1798,0
1799,0
1800,0
1801,0
1802,2
1803,0
1804,0
1805,2
1806,2
1807,2
1808,0
1809,0
1810,0
1811,2
1812,0
1813,2
1814,0
1815,2
1816,0
1817,1
1818,0
1819,0
1820,0
1821,2
1822,0
1823,3
1824,2
1825,2
1826,0
1827,2
1828,0
1829,0
1830,2
1831,0
1832,0
1833,0
1834,0
1835,0
1836,1
1837,0
1838,0
1839,2
1840,0
1841,0
1842,2
1843,2
1844,0
1845,0
1846,0
1847,0
1848,0
1849,0
1850,0
1851,0
1852,2
1853,0
1854,0
1855,0
1856,0
1857,0
1858,0
1859,0
1860,0
1861,0
1862,0
1863,0
1864,0
1865,2
1866,0
1867,2
1868,0
1869,0
1870,0
1871,2
1872,0
1873,0
1874,0
1875,0
1876,2
1877,0
1878,2
1879,1
1880,0
1881,2
1882,0
1883,2
1884,0
1885,0
1886,2
1887,0
1888,0
1889,0
1890,0
1891,0
1892,2
1893,0
1894,0
1895,1
1896,0
1897,2
1898,0
1899,2
1900,2
1901,2
1902,0
1903,1
1904,1
1905,0
1906,0
1907,2
1908,0
1909,0
1910,0
1911,0
1912,1
1913,0
1914,0
1915,0
1916,3
1917,0
1918,0
1919,0
1920,0
1921,0
1922,0
1923,0
1924,0
1925,0
1926,0
1927,2
1928,0
1929,0
1930,0
1931,0
1932,0
1933,0
1934,2
1935,2
1936,0
1937,0
1938,0
1939,0
1940,0
1941,2
1942,0
1943,0
1944,0
1945,0
1946,0
1947,2
1948,2
1949,0
1950,2
1951,2
1952,0
1953,0
1954,0
1955,3
1956,2
1957,0
1958,0
1959,0
1960,2
1961,2
1962,0
1963,0
1964,0
1965,2
1966,0
1967,0
1968,0
1969,3
1970,0
1971,0
1972,2
1973,0
1974,0
1975,2
1976,2
1977,0
1978,2
1979,0
1980,2
1981,0
1982,0
1983,0
1984,0
1985,0
1986,2
1987,2
1988,0
1989,2
1990,1
1991,2
1992,0
1993,0
1994,0
1995,2
1996,0
1997,0
1998,0
1999,0
2000,0
2001,0
2002,0
2003,0
2004,0
2005,0
2006,0
2007,1
2008,0
2009,0
2010,0
2011,0
2012,0
2013,0
2014,0
2015,2
2016,0
2017,0
2018,0
2019,3
2020,0
2021,2
2022,0
2023,0
2024,0
2025,2
2026,2
2027,0
2028,0
2029,0
2030,0
2031,2
2032,2
2033,2
2034,0
2035,0
2036,0
2037,0
2038,0
2039,0
2040,0
2041,0
2042,2
2043,0
2044,1
2045,2
2046,0
2047,0
2048,1
2049,2
2050,0
2051,2
2052,2
2053,0
2054,0
2055,2
2056,1
2057,0
2058,0
2059,0
2060,0
2061,0
2062,0
2063,2
2064,0
2065,0
2066,2
2067,0
2068,2
2069,0
2070,0
2071,0
2072,0
2073,0
2074,2
2075,0
2076,0
2077,0
2078,2
2079,0
2080,0
2081,2
2082,0
2083,0
2084,0
2085,2
2086,2
2087,2
2088,0
2089,2
2090,2
2091,1
2092,3
2093,0
2094,0
2095,2
2096,2
2097,1
2098,2
2099,0
2100,0
2101,0
2102,0
2103,0
2104,0
2105,0
2106,0
2107,0
2108,0
2109,0
2110,2
2111,2
2112,2
2113,0
2114,0
2115,0
2116,0
2117,0
2118,0
2119,2
2120,0
2121,0
2122,0
2123,0
2124,2
2125,0
2126,0
2127,0
2128,0
2129,2
2130,0
2131,2
2132,2
2133,0
2134,0
2135,0
2136,2
2137,0
2138,0
2139,0
2140,2
2141,0
2142,0
2143,0
2144,0
2145,0
2146,0
2147,0
2148,0
2149,0
2150,0
2151,0
2152,0
2153,2
2154,0
2155,2
2156,0
2157,0
2158,0
2159,0
2160,0
2161,0
2162,0
2163,2
2164,2
2165,1
2166,2
2167,0
2168,2
2169,0
2170,0
2171,2
2172,0
2173,1
2174,0
2175,0
2176,0
2177,2
2178,0
2179,2
2180,2
2181,0
2182,2
2183,2
2184,2
2185,0
2186,0
2187,0
2188,2
2189,0
2190,2
2191,0
2192,0
2193,0
2194,0
2195,0
2196,0
2197,0
2198,0
2199,2
2200,0
2201,2
2202,0
2203,0
2204,0
2205,0
2206,0
2207,2
2208,1
2209,2
2210,0
2211,2
2212,0
2213,0
2214,0
2215,0
2216,2
2217,2
2218,0
2219,0
2220,0
2221,0
2222,0
2223,2
2224,0
2225,0
2226,2
2227,0
2228,0
2229,0
2230,0
2231,2
2232,0
2233,2
2234,0
2235,2
2236,0
2237,3
2238,0
2239,2
2240,0
2241,0
2242,2
2243,0
2244,0
2245,2
2246,2
2247,0
2248,0
2249,2
2250,0
2251,0
2252,0
2253,0
2254,2
2255,0
2256,0
2257,2
2258,0
2259,0
2260,0
2261,0
2262,2
2263,0
2264,2
2265,0
2266,2
2267,1
2268,0
2269,2
2270,0
2271,0
2272,0
2273,0
2274,0
2275,2
2276,0
2277,0
2278,0
2279,1
2280,2
2281,2
2282,2
2283,0
2284,2
2285,1
2286,2
2287,0
2288,0
2289,0
2290,0
2291,2
2292,0
2293,0
2294,0
2295,0
2296,2
2297,0
2298,0
2299,0
2300,0
2301,0
2302,1
2303,0
2304,0
2305,0
2306,0
2307,0
2308,1
2309,2
2310,2
2311,2
2312,0
2313,0
2314,0
2315,0
2316,0
2317,0
2318,0
2319,0
2320,0
2321,0
2322,0
2323,0
2324,0
2325,2
2326,0
2327,0
2328,0
2329,0
2330,0
2331,2
2332,0
2333,0
2334,2
2335,0
2336,1
2337,2
2338,0
2339,2
2340,0
2341,0
2342,0
2343,0
2344,3
2345,0
2346,0
2347,2
2348,2
2349,0
2350,2
2351,0
2352,2
2353,0
2354,2
2355,0
2356,2
2357,2
2358,0
2359,2
2360,0
2361,2
2362,0
2363,0
2364,0
2365,2
2366,0
2367,0
2368,2
2369,2
2370,0
2371,0
2372,2
2373,0
2374,0
2375,0
2376,0
2377,0
2378,3
2379,1
2380,0
2381,3
2382,0
2383,0
2384,2
2385,0
2386,0
2387,2
2388,2
2389,2
2390,0
2391,0
2392,0
2393,2
2394,0
2395,0
2396,1
2397,1
2398,0
2399,0
2400,2
2401,0
2402,0
2403,2
2404,2
2405,0
2406,0
2407,0
2408,0
2409,0
2410,0
2411,0
2412,0
2413,0
2414,0
2415,0
2416,1
2417,2
2418,2
2419,0
2420,0
2421,2
2422,0
2423,0
2424,0
2425,0
2426,2
2427,0
2428,2
2429,0
2430,0
2431,0
2432,0
2433,2
2434,0
2435,0
2436,3
2437,0
2438,0
2439,0
2440,0
2441,0
2442,0
2443,0
2444,0
2445,2
2446,2
2447,0
2448,0
2449,2
2450,0
2451,0
2452,2
2453,2
2454,2
2455,0
2456,0
2457,0
2458,0
2459,2
2460,0
2461,0
2462,0
2463,2
2464,0
2465,0
2466,2
2467,0
2468,0
2469,0
2470,0
2471,0
2472,0
2473,2
2474,0
2475,0
2476,0
2477,0
2478,0
2479,0
2480,3
2481,0
2482,0
2483,0
2484,0
2485,0
2486,1
2487,2
2488,0
2489,0
2490,2
2491,0
2492,1
2493,0
2494,0
2495,0
2496,0
2497,2
2498,2
2499,2
2500,1
2501,0
2502,2
2503,0
2504,0
2505,0
2506,0
2507,0
2508,3
2509,2
2510,0
2511,0
2512,0
2513,0
2514,0
2515,0
2516,0
2517,0
2518,0
2519,0
2520,0
2521,2
2522,0
2523,0
2524,0
2525,0
2526,0
2527,0
2528,2
2529,0
2530,2
2531,0
2532,0
2533,0
2534,2
2535,0
2536,0
2537,0
2538,0
2539,0
2540,0
2541,0
2542,0
2543,0
2544,2
2545,0
2546,0
2547,0
2548,0
2549,0
2550,2
2551,2
2552,0
2553,2
2554,0
2555,0
2556,2
2557,0
2558,0
2559,2
2560,0
2561,0
2562,0
2563,0
2564,0
2565,2
2566,0
2567,0
2568,2
2569,2
2570,0
2571,0
2572,0
2573,0
2574,0
2575,0
2576,2
2577,0
2578,2
2579,0
2580,0
2581,0
2582,0
2583,2
2584,0
2585,2
2586,0
2587,0
2588,0
2589,2
2590,0
2591,0
2592,0
2593,0
2594,0
2595,0
2596,0
2597,0
2598,0
2599,3
2600,0
2601,0
2602,0
2603,1
2604,2
2605,0
2606,0
2607,0
2608,1
2609,1
2610,0
2611,1
2612,0
2613,0
2614,2
2615,2
2616,3
2617,0
2618,0
2619,0
2620,0
2621,0
2622,2
2623,0
2624,0
2625,0
2626,2
2627,0
2628,0
2629,2
2630,0
2631,0
2632,0
2633,2
2634,0
2635,2
2636,2
2637,0
2638,0
2639,2
2640,0
2641,0
2642,0
2643,0
2644,0
2645,0
2646,0
2647,0
2648,0
